id;name;token;phone;sphone;email;active;is_first_booking;timecreated
1;Assistant;Market;721-764-2911 x28337;mission-critical Music;Vidal_Dietrich@hotmail.com;true;true;2021-04-09T10:21:29
2;alarm multi-byte;Chile Extended;779.391.7492 x8940;Uzbekistan;Bailey.Pouros7@gmail.com;true;false;2021-04-09T08:06:56
3;bluetooth secondary;protocol;707-824-2070 x05717;Account;Dewayne_Osinski41@hotmail.com;false;false;2021-04-09T18:28:17
4;Cheese Loan Lead;RSS COM;516.683.0122 x7708;Island;Kaia.Cruickshank@yahoo.com;true;false;2021-04-09T04:50:18
5;connect;Future;865-506-9941 x39158;Table;Antwan_Emmerich@gmail.com;true;false;2021-04-09T12:30:59
6;Stravenue Virtual channels;up gold;(528) 496-3101;bypass;Otilia_Green4@hotmail.com;true;false;2021-04-08T23:57:25
7;wireless up;Open-source parsing Ramp;(998) 761-8754 x964;Chief system-worthy;Stone40@hotmail.com;true;true;2021-04-09T22:42:26
8;Maine Sausages user;deliverables transmitter salmon;224.808.7801 x13775;Mississippi payment fuchsia;Fredy_OReilly61@gmail.com;false;false;2021-04-09T16:52:38
9;Beauty XSS Curve;Bacon Dam;269-847-6249 x24572;user system;Lafayette_Kling@yahoo.com;false;false;2021-04-09T09:26:50
10;foreground SSL transparent;payment uniform quantify;1-229-898-9897;synthesize;Noble98@gmail.com;false;true;2021-04-09T10:38:37
